{
    "name": "root",
    "gauges": {
        "TrafficAgent3.Policy.Entropy.mean": {
            "value": 0.6036377549171448,
            "min": 0.6036377549171448,
            "max": 2.7650234699249268,
            "count": 7
        },
        "TrafficAgent3.Policy.Entropy.sum": {
            "value": 6049.65771484375,
            "min": 6049.65771484375,
            "max": 19703.556640625,
            "count": 7
        },
        "TrafficAgent3.Environment.EpisodeLength.mean": {
            "value": 18.347490347490346,
            "min": 15.49537037037037,
            "max": 18.348837209302324,
            "count": 7
        },
        "TrafficAgent3.Environment.EpisodeLength.sum": {
            "value": 9504.0,
            "min": 6694.0,
            "max": 9504.0,
            "count": 7
        },
        "TrafficAgent3.Step.mean": {
            "value": 199991.0,
            "min": 139982.0,
            "max": 199991.0,
            "count": 7
        },
        "TrafficAgent3.Step.sum": {
            "value": 199991.0,
            "min": 139982.0,
            "max": 199991.0,
            "count": 7
        },
        "TrafficAgent3.Policy.ExtrinsicValueEstimate.mean": {
            "value": 5674.666015625,
            "min": 373.369140625,
            "max": 5674.666015625,
            "count": 7
        },
        "TrafficAgent3.Policy.ExtrinsicValueEstimate.sum": {
            "value": 2933802.25,
            "min": 160922.09375,
            "max": 2933802.25,
            "count": 7
        },
        "TrafficAgent3.Environment.CumulativeReward.mean": {
            "value": 9700.70550123912,
            "min": 558.0220529623762,
            "max": 9700.70550123912,
            "count": 7
        },
        "TrafficAgent3.Environment.CumulativeReward.sum": {
            "value": 5015264.744140625,
            "min": 240507.50482678413,
            "max": 5015264.744140625,
            "count": 7
        },
        "TrafficAgent3.Policy.ExtrinsicReward.mean": {
            "value": 9700.70550123912,
            "min": 558.0220529623762,
            "max": 9700.70550123912,
            "count": 7
        },
        "TrafficAgent3.Policy.ExtrinsicReward.sum": {
            "value": 5015264.744140625,
            "min": 240507.50482678413,
            "max": 5015264.744140625,
            "count": 7
        },
        "TrafficAgent3.Losses.PolicyLoss.mean": {
            "value": 0.04602801885533457,
            "min": 0.04470166066797295,
            "max": 0.0524692063452676,
            "count": 7
        },
        "TrafficAgent3.Losses.PolicyLoss.sum": {
            "value": 0.23014009427667284,
            "min": 0.14349513739580289,
            "max": 0.26234603172633797,
            "count": 7
        },
        "TrafficAgent3.Losses.ValueLoss.mean": {
            "value": 6511358.808333333,
            "min": 27845.51405843099,
            "max": 6511358.808333333,
            "count": 7
        },
        "TrafficAgent3.Losses.ValueLoss.sum": {
            "value": 32556794.041666664,
            "min": 83536.54217529297,
            "max": 32556794.041666664,
            "count": 7
        },
        "TrafficAgent3.Policy.LearningRate.mean": {
            "value": 0.000183186038938,
            "min": 0.000183186038938,
            "max": 0.000217788027404,
            "count": 7
        },
        "TrafficAgent3.Policy.LearningRate.sum": {
            "value": 0.0009159301946899999,
            "min": 0.000653364082212,
            "max": 0.0010641193452936,
            "count": 7
        },
        "TrafficAgent3.Policy.Epsilon.mean": {
            "value": 0.161062,
            "min": 0.161062,
            "max": 0.17259599999999997,
            "count": 7
        },
        "TrafficAgent3.Policy.Epsilon.sum": {
            "value": 0.8053100000000001,
            "min": 0.5177879999999999,
            "max": 0.8547064,
            "count": 7
        },
        "TrafficAgent3.Policy.Beta.mean": {
            "value": 0.0030569938000000003,
            "min": 0.0030569938000000003,
            "max": 0.0036325404000000006,
            "count": 7
        },
        "TrafficAgent3.Policy.Beta.sum": {
            "value": 0.015284969,
            "min": 0.010897621200000002,
            "max": 0.017749849360000004,
            "count": 7
        },
        "TrafficAgent3.IsTraining.mean": {
            "value": 1.0,
            "min": 1.0,
            "max": 1.0,
            "count": 7
        },
        "TrafficAgent3.IsTraining.sum": {
            "value": 1.0,
            "min": 1.0,
            "max": 1.0,
            "count": 7
        },
        "TrafficAgent2.Policy.Entropy.mean": {
            "value": 0.6516836881637573,
            "min": 0.5942155122756958,
            "max": 2.5409183502197266,
            "count": 4
        },
        "TrafficAgent2.Policy.Entropy.sum": {
            "value": 6509.66845703125,
            "min": 5942.1552734375,
            "max": 13992.8369140625,
            "count": 4
        },
        "TrafficAgent2.Environment.EpisodeLength.mean": {
            "value": 21.599547511312217,
            "min": 16.31761006289308,
            "max": 21.599547511312217,
            "count": 4
        },
        "TrafficAgent2.Environment.EpisodeLength.sum": {
            "value": 9547.0,
            "min": 5189.0,
            "max": 9557.0,
            "count": 4
        },
        "TrafficAgent2.Step.mean": {
            "value": 109984.0,
            "min": 79987.0,
            "max": 109984.0,
            "count": 4
        },
        "TrafficAgent2.Step.sum": {
            "value": 109984.0,
            "min": 79987.0,
            "max": 109984.0,
            "count": 4
        },
        "TrafficAgent2.Policy.ExtrinsicValueEstimate.mean": {
            "value": 2000.846435546875,
            "min": 208.21939086914062,
            "max": 2000.846435546875,
            "count": 4
        },
        "TrafficAgent2.Policy.ExtrinsicValueEstimate.sum": {
            "value": 884374.125,
            "min": 66005.546875,
            "max": 884374.125,
            "count": 4
        },
        "TrafficAgent2.Environment.CumulativeReward.mean": {
            "value": 3558.8905482227447,
            "min": 285.8044214737528,
            "max": 3558.8905482227447,
            "count": 4
        },
        "TrafficAgent2.Environment.CumulativeReward.sum": {
            "value": 1573029.6223144531,
            "min": 90600.00160717964,
            "max": 1573029.6223144531,
            "count": 4
        },
        "TrafficAgent2.Policy.ExtrinsicReward.mean": {
            "value": 3558.8905482227447,
            "min": 285.8044214737528,
            "max": 3558.8905482227447,
            "count": 4
        },
        "TrafficAgent2.Policy.ExtrinsicReward.sum": {
            "value": 1573029.6223144531,
            "min": 90600.00160717964,
            "max": 1573029.6223144531,
            "count": 4
        },
        "TrafficAgent2.Losses.PolicyLoss.mean": {
            "value": 0.03866073036721597,
            "min": 0.03866073036721597,
            "max": 0.05255233417265117,
            "count": 4
        },
        "TrafficAgent2.Losses.PolicyLoss.sum": {
            "value": 0.19330365183607987,
            "min": 0.08417032267122218,
            "max": 0.26276167086325586,
            "count": 4
        },
        "TrafficAgent2.Losses.ValueLoss.mean": {
            "value": 819492.603125,
            "min": 7111.894922892253,
            "max": 819492.603125,
            "count": 4
        },
        "TrafficAgent2.Losses.ValueLoss.sum": {
            "value": 4097463.015625,
            "min": 14223.789845784506,
            "max": 4097463.015625,
            "count": 4
        },
        "TrafficAgent2.Policy.LearningRate.mean": {
            "value": 0.00023677574107476004,
            "min": 0.00023677574107476004,
            "max": 0.0002534511155163,
            "count": 4
        },