{
    "name": "root",
    "gauges": {
        "TrafficAgent3.Policy.Entropy.mean": {
            "value": 0.5947806239128113,
            "min": 0.5944578647613525,
            "max": 3.07686185836792,
            "count": 8
        },
        "TrafficAgent3.Policy.Entropy.sum": {
            "value": 5938.2900390625,
            "min": 2932.249267578125,
            "max": 24158.791015625,
            "count": 8
        },
        "TrafficAgent3.Environment.EpisodeLength.mean": {
            "value": 18.348837209302324,
            "min": 14.370967741935484,
            "max": 18.353281853281853,
            "count": 8
        },
        "TrafficAgent3.Environment.EpisodeLength.sum": {
            "value": 9468.0,
            "min": 891.0,
            "max": 9507.0,
            "count": 8
        },
        "TrafficAgent3.Step.mean": {
            "value": 129991.0,
            "min": 59985.0,
            "max": 129991.0,
            "count": 8
        },
        "TrafficAgent3.Step.sum": {
            "value": 129991.0,
            "min": 59985.0,
            "max": 129991.0,
            "count": 8
        },
        "TrafficAgent3.Policy.ExtrinsicValueEstimate.mean": {
            "value": 6009.212890625,
            "min": 47.97570037841797,
            "max": 6009.212890625,
            "count": 8
        },
        "TrafficAgent3.Policy.ExtrinsicValueEstimate.sum": {
            "value": 3106763.0,
            "min": 2878.5419921875,
            "max": 3106763.0,
            "count": 8
        },
        "TrafficAgent3.Environment.CumulativeReward.mean": {
            "value": 10335.83028968206,
            "min": 46.976668083667754,
            "max": 10335.83028968206,
            "count": 8
        },
        "TrafficAgent3.Environment.CumulativeReward.sum": {
            "value": 5343624.259765625,
            "min": 2818.6000850200653,
            "max": 5343624.259765625,
            "count": 8
        },
        "TrafficAgent3.Policy.ExtrinsicReward.mean": {
            "value": 10335.83028968206,
            "min": 46.976668083667754,
            "max": 10335.83028968206,
            "count": 8
        },
        "TrafficAgent3.Policy.ExtrinsicReward.sum": {
            "value": 5343624.259765625,
            "min": 2818.6000850200653,
            "max": 5343624.259765625,
            "count": 8
        },
        "TrafficAgent3.IsTraining.mean": {
            "value": 1.0,
            "min": 1.0,
            "max": 1.0,
            "count": 8
        },
        "TrafficAgent3.IsTraining.sum": {
            "value": 1.0,
            "min": 1.0,
            "max": 1.0,
            "count": 8
        },
        "TrafficAgent3.Losses.PolicyLoss.mean": {
            "value": 0.049709078153440105,
            "min": 0.0442670168064069,
            "max": 0.051466692029498516,
            "count": 7
        },
        "TrafficAgent3.Losses.PolicyLoss.sum": {
            "value": 0.24854539076720053,
            "min": 0.18582756400185949,
            "max": 0.2573334601474926,
            "count": 7
        },
        "TrafficAgent3.Losses.ValueLoss.mean": {
            "value": 7573240.479166667,
            "min": 74721.07251383465,
            "max": 7573240.479166667,
            "count": 7
        },
        "TrafficAgent3.Losses.ValueLoss.sum": {
            "value": 37866202.395833336,
            "min": 373605.3625691732,
            "max": 37866202.395833336,
            "count": 7
        },
        "TrafficAgent3.Policy.LearningRate.mean": {
            "value": 0.00022503662498780003,
            "min": 0.00022503662498780003,
            "max": 0.00026084749305084,
            "count": 7
        },
        "TrafficAgent3.Policy.LearningRate.sum": {
            "value": 0.0011251831249390002,
            "min": 0.0009961560679479999,
            "max": 0.0013042374652542,
            "count": 7
        },
        "TrafficAgent3.Policy.Epsilon.mean": {
            "value": 0.1750122,
            "min": 0.1750122,
            "max": 0.18694916000000003,
            "count": 7
        },
        "TrafficAgent3.Policy.Epsilon.sum": {
            "value": 0.875061,
            "min": 0.7320519999999999,
            "max": 0.9347458000000002,
            "count": 7
        },
        "TrafficAgent3.Policy.Beta.mean": {
            "value": 0.00375310878,
            "min": 0.00375310878,
            "max": 0.004348763084,
            "count": 7
        },
        "TrafficAgent3.Policy.Beta.sum": {
            "value": 0.0187655439,
            "min": 0.0166093948,
            "max": 0.02174381542,
            "count": 7
        },
        "TrafficAgent2.Policy.Entropy.mean": {
            "value": 0.6827053427696228,
            "min": 0.6641548871994019,
            "max": 2.0046274662017822,
            "count": 4
        },
        "TrafficAgent2.Policy.Entropy.sum": {
            "value": 6820.2265625,
            "min": 6648.1904296875,
            "max": 15720.2890625,
            "count": 4
        },
        "TrafficAgent2.Environment.EpisodeLength.mean": {
            "value": 21.601809954751133,
            "min": 17.805755395683452,
            "max": 21.601809954751133,
            "count": 4
        },
        "TrafficAgent2.Environment.EpisodeLength.sum": {
            "value": 9548.0,
            "min": 7425.0,
            "max": 9567.0,
            "count": 4
        },
        "TrafficAgent2.Step.mean": {
            "value": 69980.0,
            "min": 39985.0,
            "max": 69980.0,
            "count": 4
        },
        "TrafficAgent2.Step.sum": {
            "value": 69980.0,
            "min": 39985.0,
            "max": 69980.0,
            "count": 4
        },
        "TrafficAgent2.Policy.ExtrinsicValueEstimate.mean": {
            "value": 2150.7041015625,
            "min": 272.4061279296875,
            "max": 2150.7041015625,
            "count": 4
        },
        "TrafficAgent2.Policy.ExtrinsicValueEstimate.sum": {
            "value": 950611.25,
            "min": 113320.953125,
            "max": 950611.25,
            "count": 4
        },
        "TrafficAgent2.Environment.CumulativeReward.mean": {
            "value": 3705.4894207570346,
            "min": 437.17596819309085,
            "max": 3705.4894207570346,
            "count": 4
        },
        "TrafficAgent2.Environment.CumulativeReward.sum": {
            "value": 1637826.3239746094,
            "min": 181865.2027683258,
            "max": 1637826.3239746094,
            "count": 4
        },
        "TrafficAgent2.Policy.ExtrinsicReward.mean": {
            "value": 3705.4894207570346,
            "min": 437.17596819309085,
            "max": 3705.4894207570346,
            "count": 4
        },
        "TrafficAgent2.Policy.ExtrinsicReward.sum": {
            "value": 1637826.3239746094,
            "min": 181865.2027683258,
            "max": 1637826.3239746094,
            "count": 4
        },
        "TrafficAgent2.Losses.PolicyLoss.mean": {
            "value": 0.045811474575505905,
            "min": 0.042631295381579545,
            "max": 0.04616250344164049,
            "count": 4
        },
        "TrafficAgent2.Losses.PolicyLoss.sum": {
            "value": 0.22905737287752953,
            "min": 0.13848751032492146,
            "max": 0.22905737287752953,
            "count": 4
        },
        "TrafficAgent2.Losses.ValueLoss.mean": {
            "value": 890361.50625,
            "min": 14727.419542100695,
            "max": 890361.50625,
            "count": 4
        },
        "TrafficAgent2.Losses.ValueLoss.sum": {
            "value": 4451807.53125,
            "min": 44182.258626302086,
            "max": 4451807.53125,
            "count": 4
        },
        "TrafficAgent2.Policy.LearningRate.mean": {
            "value": 0.00026095465301512,
            "min": 0.00026095465301512,
            "max": 0.0002782352072549333,
            "count": 4
        },