{
    "name": "root",
    "gauges": {
        "TrafficAgent3.Policy.Entropy.mean": {
            "value": 2.185778856277466,
            "min": 2.182799816131592,
            "max": 3.090973377227783,
            "count": 104
        },
        "TrafficAgent3.Policy.Entropy.sum": {
            "value": 2229.494384765625,
            "min": 2152.24072265625,
            "max": 3223.8818359375,
            "count": 104
        },
        "TrafficAgent3.Environment.EpisodeLength.mean": {
            "value": 17.88888888888889,
            "min": 14.106060606060606,
            "max": 18.333333333333332,
            "count": 104
        },
        "TrafficAgent3.Environment.EpisodeLength.sum": {
            "value": 966.0,
            "min": 899.0,
            "max": 985.0,
            "count": 104
        },
        "TrafficAgent3.Step.mean": {
            "value": 103990.0,
            "min": 998.0,
            "max": 103990.0,
            "count": 104
        },
        "TrafficAgent3.Step.sum": {
            "value": 103990.0,
            "min": 998.0,
            "max": 103990.0,
            "count": 104
        },
        "TrafficAgent3.Policy.ExtrinsicValueEstimate.mean": {
            "value": 18.537179946899414,
            "min": -0.004551410209387541,
            "max": 20.326574325561523,
            "count": 104
        },
        "TrafficAgent3.Policy.ExtrinsicValueEstimate.sum": {
            "value": 982.4705200195312,
            "min": -0.29584166407585144,
            "max": 1178.9412841796875,
            "count": 104
        },
        "TrafficAgent3.Environment.CumulativeReward.mean": {
            "value": 38.094339622641506,
            "min": 30.181818181818183,
            "max": 39.83050847457627,
            "count": 104
        },
        "TrafficAgent3.Environment.CumulativeReward.sum": {
            "value": 2019.0,
            "min": 1840.0,
            "max": 2472.0,
            "count": 104
        },
        "TrafficAgent3.Policy.ExtrinsicReward.mean": {
            "value": 38.094339622641506,
            "min": 30.181818181818183,
            "max": 39.83050847457627,
            "count": 104
        },
        "TrafficAgent3.Policy.ExtrinsicReward.sum": {
            "value": 2019.0,
            "min": 1840.0,
            "max": 2472.0,
            "count": 104
        },
        "TrafficAgent3.IsTraining.mean": {
            "value": 1.0,
            "min": 1.0,
            "max": 1.0,
            "count": 104
        },
        "TrafficAgent3.IsTraining.sum": {
            "value": 1.0,
            "min": 1.0,
            "max": 1.0,
            "count": 104
        },
        "TrafficAgent3.Losses.PolicyLoss.mean": {
            "value": 0.04789795493707061,
            "min": 0.031762238805337496,
            "max": 0.06772142596310005,
            "count": 50
        },
        "TrafficAgent3.Losses.PolicyLoss.sum": {
            "value": 0.04789795493707061,
            "min": 0.031762238805337496,
            "max": 0.06772142596310005,
            "count": 50
        },
        "TrafficAgent3.Losses.ValueLoss.mean": {
            "value": 126.72657871246338,
            "min": 116.46129322052002,
            "max": 280.72061920166016,
            "count": 50
        },
        "TrafficAgent3.Losses.ValueLoss.sum": {
            "value": 126.72657871246338,
            "min": 116.46129322052002,
            "max": 280.72061920166016,
            "count": 50
        },
        "TrafficAgent3.Policy.LearningRate.mean": {
            "value": 0.00023782682072440002,
            "min": 0.00023782682072440002,
            "max": 0.0002987646004118,
            "count": 50
        },
        "TrafficAgent3.Policy.LearningRate.sum": {
            "value": 0.00023782682072440002,
            "min": 0.00023782682072440002,
            "max": 0.0002987646004118,
            "count": 50
        },
        "TrafficAgent3.Policy.Epsilon.mean": {
            "value": 0.1792756,
            "min": 0.1792756,
            "max": 0.19958820000000002,
            "count": 50
        },
        "TrafficAgent3.Policy.Epsilon.sum": {
            "value": 0.1792756,
            "min": 0.1792756,
            "max": 0.19958820000000002,
            "count": 50
        },
        "TrafficAgent3.Policy.Beta.mean": {
            "value": 0.00396585244,
            "min": 0.00396585244,
            "max": 0.00497945118,
            "count": 50
        },
        "TrafficAgent3.Policy.Beta.sum": {
            "value": 0.00396585244,
            "min": 0.00396585244,
            "max": 0.00497945118,
            "count": 50
        }
    },
    "metadata": {
        "timer_format_version": "0.1.0",
        "start_time_seconds": "1751211740",
        "python_version": "3.10.0 (tags/v3.10.0:b494f59, Oct  4 2021, 19:00:18) [MSC v.1929 64 bit (AMD64)]",
        "command_line_arguments": "C:\\Users\\HOANG QUOC HUY\\AppData\\Local\\Programs\\Python\\Python310\\lib\\site-packages\\mlagents\\trainers\\learn.py E:/Repo/DATN_TRAFFIC/Assets/Train/trafficlight_config.yaml --run-id=trafficlight_001 --train",
        "mlagents_version": "0.30.0",
        "mlagents_envs_version": "0.30.0",
        "communication_protocol_version": "1.5.0",
        "pytorch_version": "2.7.0+cpu",
        "numpy_version": "1.23.5",
        "end_time_seconds": "1751284746"
    },
    "total": 73006.2507526,
    "count": 1,
    "self": 0.13310229999478906,
    "children": {
        "run_training.setup": {
            "total": 0.7781484999868553,
            "count": 1,
            "self": 0.7781484999868553
        },
        "TrainerController.start_learning": {
            "total": 73005.33950180002,
            "count": 1,
            "self": 4.527311003650539,
            "children": {
                "TrainerController._reset_env": {
                    "total": 36.49251569999615,
                    "count": 1,
                    "self": 36.49251569999615
                },
                "TrainerController.advance": {
                    "total": 72956.9185129964,
                    "count": 97721,
                    "self": 4.44437279671547,
                    "children": {
                        "env_step": {
                            "total": 72868.0010280005,
                            "count": 97721,
                            "self": 72514.95927849866,
                            "children": {
                                "SubprocessEnvManager._take_step": {
                                    "total": 350.1381300968642,
                                    "count": 97721,
                                    "self": 12.778497197316028,
                                    "children": {
                                        "TorchPolicy.evaluate": {
                                            "total": 337.35963289954816,
                                            "count": 97721,
                                            "self": 337.35963289954816
                                        }
                                    }
                                },
                                "workers": {
                                    "total": 2.903619404969504,
                                    "count": 97720,
                                    "self": 0.0,
                                    "children": {
                                        "worker_root": {
                                            "total": 72970.65688379775,
                                            "count": 97720,
                                            "is_parallel": true,
                                            "self": 691.5704419040703,
                                            "children": {
                                                "steps_from_proto": {
                                                    "total": 0.0007744000176899135,
                                                    "count": 1,