{
    "name": "root",
    "gauges": {
        "TrafficAgent3.Policy.Entropy.mean": {
            "value": 3.084165334701538,
            "min": 3.084165334701538,
            "max": 3.084165334701538,
            "count": 1
        },
        "TrafficAgent3.Policy.Entropy.sum": {
            "value": 2732.570556640625,
            "min": 2732.570556640625,
            "max": 2732.570556640625,
            "count": 1
        },
        "TrafficAgent3.Environment.EpisodeLength.mean": {
            "value": 13.766666666666667,
            "min": 13.766666666666667,
            "max": 13.766666666666667,
            "count": 1
        },
        "TrafficAgent3.Environment.EpisodeLength.sum": {
            "value": 826.0,
            "min": 826.0,
            "max": 826.0,
            "count": 1
        },
        "TrafficAgent3.Step.mean": {
            "value": 9995.0,
            "min": 9995.0,
            "max": 9995.0,
            "count": 1
        },
        "TrafficAgent3.Step.sum": {
            "value": 9995.0,
            "min": 9995.0,
            "max": 9995.0,
            "count": 1
        },
        "TrafficAgent3.Policy.ExtrinsicValueEstimate.mean": {
            "value": 0.8790785670280457,
            "min": 0.8790785670280457,
            "max": 0.8790785670280457,
            "count": 1
        },
        "TrafficAgent3.Policy.ExtrinsicValueEstimate.sum": {
            "value": 51.86563491821289,
            "min": 51.86563491821289,
            "max": 51.86563491821289,
            "count": 1
        },
        "TrafficAgent3.Environment.CumulativeReward.mean": {
            "value": 45.06610304218228,
            "min": 45.06610304218228,
            "max": 45.06610304218228,
            "count": 1
        },
        "TrafficAgent3.Environment.CumulativeReward.sum": {
            "value": 2658.9000794887543,
            "min": 2658.9000794887543,
            "max": 2658.9000794887543,
            "count": 1
        },
        "TrafficAgent3.Policy.ExtrinsicReward.mean": {
            "value": 45.06610304218228,
            "min": 45.06610304218228,
            "max": 45.06610304218228,
            "count": 1
        },
        "TrafficAgent3.Policy.ExtrinsicReward.sum": {
            "value": 2658.9000794887543,
            "min": 2658.9000794887543,
            "max": 2658.9000794887543,
            "count": 1
        },
        "TrafficAgent3.IsTraining.mean": {
            "value": 1.0,
            "min": 1.0,
            "max": 1.0,
            "count": 1
        },
        "TrafficAgent3.IsTraining.sum": {
            "value": 1.0,
            "min": 1.0,
            "max": 1.0,
            "count": 1
        }
    },
    "metadata": {
        "timer_format_version": "0.1.0",
        "start_time_seconds": "1750592069",
        "python_version": "3.10.0 (tags/v3.10.0:b494f59, Oct  4 2021, 19:00:18) [MSC v.1929 64 bit (AMD64)]",
        "command_line_arguments": "C:\\Users\\HOANG QUOC HUY\\AppData\\Local\\Programs\\Python\\Python310\\lib\\site-packages\\mlagents\\trainers\\learn.py E:/Repo/DATN_TRAFFIC/Assets/Train/trafficlight_config.yaml --run-id=trafficlight_001 --resume",
        "mlagents_version": "0.30.0",
        "mlagents_envs_version": "0.30.0",
        "communication_protocol_version": "1.5.0",
        "pytorch_version": "2.7.0+cpu",
        "numpy_version": "1.23.5",
        "end_time_seconds": "1750594677"
    },
    "total": 2608.2272913999914,
    "count": 1,
    "self": 0.05008839999209158,
    "children": {
        "run_training.setup": {
            "total": 0.7621024999971269,
            "count": 1,
            "self": 0.7621024999971269
        },
        "TrainerController.start_learning": {
            "total": 2607.415100500002,
            "count": 1,
            "self": 0.11425399966537952,
            "children": {
                "TrainerController._reset_env": {
                    "total": 58.75337350000336,
                    "count": 1,
                    "self": 58.75337350000336
                },
                "TrainerController.advance": {
                    "total": 2545.7229936003278,
                    "count": 2853,
                    "self": 0.1376198996877065,
                    "children": {
                        "env_step": {
                            "total": 2542.111743899848,
                            "count": 2853,
                            "self": 2533.039339100709,
                            "children": {
                                "SubprocessEnvManager._take_step": {
                                    "total": 9.002356999713811,
                                    "count": 2853,
                                    "self": 0.3840760998573387,
                                    "children": {
                                        "TorchPolicy.evaluate": {
                                            "total": 8.618280899856472,
                                            "count": 2977,
                                            "self": 8.618280899856472
                                        }
                                    }
                                },
                                "workers": {
                                    "total": 0.07004779942508321,
                                    "count": 2853,
                                    "self": 0.0,
                                    "children": {
                                        "worker_root": {
                                            "total": 2575.7483193005028,
                                            "count": 2853,
                                            "is_parallel": true,
                                            "self": 49.36340080019727,
                                            "children": {
                                                "steps_from_proto": {
                                                    "total": 0.0008593000093242154,
                                                    "count": 2,
                                                    "is_parallel": true,
                                                    "self": 0.0005208999937167391,
                                                    "children": {
                                                        "_process_rank_one_or_two_observation": {
                                                            "total": 0.00033840001560747623,
                                                            "count": 4,
                                                            "is_parallel": true,
                                                            "self": 0.00033840001560747623
                                                        }
                                                    }
                                                },
                                                "UnityEnvironment.step": {
                                                    "total": 2526.384059200296,
                                                    "count": 2853,
                                                    "is_parallel": true,
                                                    "self": 0.9391829005908221,
                                                    "children": {
                                                        "UnityEnvironment._generate_step_input": {
                                                            "total": 0.5058247000852134,
                                                            "count": 2853,
                                                            "is_parallel": true,
                                                            "self": 0.5058247000852134
                                                        },
                                                        "communicator.exchange": {
                                                            "total": 2522.509243400462,