{
    "name": "root",
    "gauges": {
        "TrafficAgent3.Policy.Entropy.mean": {
            "value": 3.084650993347168,
            "min": 3.084650993347168,
            "max": 3.0909979343414307,
            "count": 7
        },
        "TrafficAgent3.Policy.Entropy.sum": {
            "value": 3059.973876953125,
            "min": 3013.722900390625,
            "max": 3186.81884765625,
            "count": 7
        },
        "TrafficAgent3.Environment.EpisodeLength.mean": {
            "value": 14.746031746031745,
            "min": 14.287878787878787,
            "max": 14.746031746031745,
            "count": 7
        },
        "TrafficAgent3.Environment.EpisodeLength.sum": {
            "value": 929.0,
            "min": 912.0,
            "max": 965.0,
            "count": 7
        },
        "TrafficAgent3.Step.mean": {
            "value": 6995.0,
            "min": 986.0,
            "max": 6995.0,
            "count": 7
        },
        "TrafficAgent3.Step.sum": {
            "value": 6995.0,
            "min": 986.0,
            "max": 6995.0,
            "count": 7
        },
        "TrafficAgent3.Policy.ExtrinsicValueEstimate.mean": {
            "value": 3.0217063426971436,
            "min": -0.14972516894340515,
            "max": 3.0217063426971436,
            "count": 7
        },
        "TrafficAgent3.Policy.ExtrinsicValueEstimate.sum": {
            "value": 193.3892059326172,
            "min": -9.55698013305664,
            "max": 193.3892059326172,
            "count": 7
        },
        "TrafficAgent3.Environment.CumulativeReward.mean": {
            "value": 37.546875,
            "min": 35.06153846153846,
            "max": 40.55384615384615,
            "count": 7
        },
        "TrafficAgent3.Environment.CumulativeReward.sum": {
            "value": 2403.0,
            "min": 2279.0,
            "max": 2636.0,
            "count": 7
        },
        "TrafficAgent3.Policy.ExtrinsicReward.mean": {
            "value": 37.546875,
            "min": 35.06153846153846,
            "max": 40.55384615384615,
            "count": 7
        },
        "TrafficAgent3.Policy.ExtrinsicReward.sum": {
            "value": 2403.0,
            "min": 2279.0,
            "max": 2636.0,
            "count": 7
        },
        "TrafficAgent3.IsTraining.mean": {
            "value": 1.0,
            "min": 1.0,
            "max": 1.0,
            "count": 7
        },
        "TrafficAgent3.IsTraining.sum": {
            "value": 1.0,
            "min": 1.0,
            "max": 1.0,
            "count": 7
        },
        "TrafficAgent3.Losses.PolicyLoss.mean": {
            "value": 0.043715954603006445,
            "min": 0.0387515879701823,
            "max": 0.05076793387221793,
            "count": 3
        },
        "TrafficAgent3.Losses.PolicyLoss.sum": {
            "value": 0.043715954603006445,
            "min": 0.0387515879701823,
            "max": 0.05076793387221793,
            "count": 3
        },
        "TrafficAgent3.Losses.ValueLoss.mean": {
            "value": 352.62872314453125,
            "min": 343.87793731689453,
            "max": 352.62872314453125,
            "count": 3
        },
        "TrafficAgent3.Losses.ValueLoss.sum": {
            "value": 352.62872314453125,
            "min": 343.87793731689453,
            "max": 352.62872314453125,
            "count": 3
        },
        "TrafficAgent3.Policy.LearningRate.mean": {
            "value": 0.000296268001244,
            "min": 0.000296268001244,
            "max": 0.0002987688004104,
            "count": 3
        },
        "TrafficAgent3.Policy.LearningRate.sum": {
            "value": 0.000296268001244,
            "min": 0.000296268001244,
            "max": 0.0002987688004104,
            "count": 3
        },
        "TrafficAgent3.Policy.Epsilon.mean": {
            "value": 0.19875600000000002,
            "min": 0.19875600000000002,
            "max": 0.1995896,
            "count": 3
        },
        "TrafficAgent3.Policy.Epsilon.sum": {
            "value": 0.19875600000000002,
            "min": 0.19875600000000002,
            "max": 0.1995896,
            "count": 3
        },
        "TrafficAgent3.Policy.Beta.mean": {
            "value": 0.0049379244,
            "min": 0.0049379244,
            "max": 0.0049795210400000005,
            "count": 3
        },
        "TrafficAgent3.Policy.Beta.sum": {
            "value": 0.0049379244,
            "min": 0.0049379244,
            "max": 0.0049795210400000005,
            "count": 3
        }
    },
    "metadata": {
        "timer_format_version": "0.1.0",
        "start_time_seconds": "1751205001",
        "python_version": "3.10.0 (tags/v3.10.0:b494f59, Oct  4 2021, 19:00:18) [MSC v.1929 64 bit (AMD64)]",
        "command_line_arguments": "C:\\Users\\HOANG QUOC HUY\\AppData\\Local\\Programs\\Python\\Python310\\lib\\site-packages\\mlagents\\trainers\\learn.py E:/Repo/DATN_TRAFFIC/Assets/Train/trafficlight_config.yaml --run-id=trafficlight_004 --train",
        "mlagents_version": "0.30.0",
        "mlagents_envs_version": "0.30.0",
        "communication_protocol_version": "1.5.0",
        "pytorch_version": "2.7.0+cpu",
        "numpy_version": "1.23.5",
        "end_time_seconds": "1751211147"
    },
    "total": 6146.165646400012,
    "count": 1,
    "self": 0.023077399993781,
    "children": {
        "run_training.setup": {
            "total": 0.20205849999911152,
            "count": 1,
            "self": 0.20205849999911152
        },
        "TrainerController.start_learning": {
            "total": 6145.940510500019,
            "count": 1,
            "self": 0.3167520993738435,
            "children": {
                "TrainerController._reset_env": {
                    "total": 24.392375900002662,
                    "count": 1,
                    "self": 24.392375900002662
                },
                "TrainerController.advance": {
                    "total": 6120.377460400661,
                    "count": 6643,
                    "self": 0.3211690022435505,
                    "children": {
                        "env_step": {
                            "total": 6111.149718998728,
                            "count": 6643,
                            "self": 6082.580833795451,
                            "children": {
                                "SubprocessEnvManager._take_step": {
                                    "total": 28.358490601851372,
                                    "count": 6643,
                                    "self": 0.9878290020278655,
                                    "children": {
                                        "TorchPolicy.evaluate": {
                                            "total": 27.370661599823507,
                                            "count": 6643,
                                            "self": 27.370661599823507
                                        }
                                    }
                                },
                                "workers": {
                                    "total": 0.21039460142492317,
                                    "count": 6642,
                                    "self": 0.0,
                                    "children": {
                                        "worker_root": {
                                            "total": 6121.750384099199,
                                            "count": 6642,
                                            "is_parallel": true,
                                            "self": 58.22663410141831,
                                            "children": {
                                                "steps_from_proto": {
                                                    "total": 0.0006884000031277537,
                                                    "count": 1,
                                                    "is_parallel": true,